"event","subscription","optionalGroup","lifecycleConsumerGate","canonical","status","consumer","regression","code","captureEvidence","projectionEvidence","consumerEvidence","rollout"
"accounts.connected","existing_baseline","","OFAPI_ACCOUNT_HEALTH_ENABLED","true","canonical_and_consumed","Owner account health + paused page jobs","tests/ofapi-account-health.integration.test.ts","apps/runtime/src/services/canonicalize/ofapi-webhook.ts:331","apps/runtime/src/services/ofapi-webhook-capture.ts","apps/runtime/src/services/ofapi-account-health.ts (replayable operational state)","apps/runtime/src/modules/ingest/index.ts","Existing baseline; this release adds no subscription flip."
"accounts.reconnected","existing_baseline","","OFAPI_ACCOUNT_HEALTH_ENABLED","true","canonical_and_consumed","Owner account health + paused page jobs","tests/ofapi-account-health.integration.test.ts","apps/runtime/src/services/canonicalize/ofapi-webhook.ts:332","apps/runtime/src/services/ofapi-webhook-capture.ts","apps/runtime/src/services/ofapi-account-health.ts (replayable operational state)","apps/runtime/src/modules/ingest/index.ts","Existing baseline; this release adds no subscription flip."
"accounts.disconnected","optional_default_off","account_lifecycle","OFAPI_ACCOUNT_HEALTH_ENABLED","true","canonical_and_consumed","Owner account health + paused page jobs","tests/ofapi-account-health.integration.test.ts","apps/runtime/src/services/canonicalize/ofapi-webhook.ts:330","apps/runtime/src/services/ofapi-webhook-capture.ts","apps/runtime/src/services/ofapi-account-health.ts (replayable operational state)","apps/runtime/src/modules/ingest/index.ts","Owner Settings → Collection → webhook group account_lifecycle; preview and apply one group only."
"accounts.session_expired","existing_baseline","","OFAPI_ACCOUNT_HEALTH_ENABLED","true","canonical_and_consumed","Owner account health + paused page jobs","tests/ofapi-account-health.integration.test.ts","apps/runtime/src/services/canonicalize/ofapi-webhook.ts:333","apps/runtime/src/services/ofapi-webhook-capture.ts","apps/runtime/src/services/ofapi-account-health.ts (replayable operational state)","apps/runtime/src/modules/ingest/index.ts","Existing baseline; this release adds no subscription flip."
"accounts.authentication_failed","existing_baseline","","OFAPI_ACCOUNT_HEALTH_ENABLED","true","canonical_and_consumed","Owner account health + paused page jobs","tests/ofapi-account-health.integration.test.ts","apps/runtime/src/services/canonicalize/ofapi-webhook.ts:334","apps/runtime/src/services/ofapi-webhook-capture.ts","apps/runtime/src/services/ofapi-account-health.ts (replayable operational state)","apps/runtime/src/modules/ingest/index.ts","Existing baseline; this release adds no subscription flip."
"accounts.otp_code_required","existing_baseline","","OFAPI_ACCOUNT_HEALTH_ENABLED","true","canonical_and_consumed","Owner account health + paused page jobs","tests/ofapi-account-health.integration.test.ts","apps/runtime/src/services/canonicalize/ofapi-webhook.ts:335","apps/runtime/src/services/ofapi-webhook-capture.ts","apps/runtime/src/services/ofapi-account-health.ts (replayable operational state)","apps/runtime/src/modules/ingest/index.ts","Existing baseline; this release adds no subscription flip."
"accounts.face_otp_required","existing_baseline","","OFAPI_ACCOUNT_HEALTH_ENABLED","true","canonical_and_consumed","Owner account health + paused page jobs","tests/ofapi-account-health.integration.test.ts","apps/runtime/src/services/canonicalize/ofapi-webhook.ts:336","apps/runtime/src/services/ofapi-webhook-capture.ts","apps/runtime/src/services/ofapi-account-health.ts (replayable operational state)","apps/runtime/src/modules/ingest/index.ts","Existing baseline; this release adds no subscription flip."
"transactions.new","existing_baseline","","","true","canonical_and_consumed","Desktop journal/CRM/activity feed","tests/ofapi-webhook.integration.test.ts","apps/runtime/src/services/canonicalize/ofapi-webhook.ts:249","apps/runtime/src/services/ofapi-webhook-capture.ts","apps/runtime/src/services/projections/fan-earnings.ts","apps/runtime/src/modules/agent-read/handlers-journal.ts | Desktop journal/CRM SDK","Existing baseline; this release adds no subscription flip."
"messages.received","existing_baseline","","","true","canonical_and_consumed","Desktop journal/CRM/activity feed","tests/ofapi-webhook.integration.test.ts","apps/runtime/src/services/canonicalize/ofapi-webhook.ts:155","apps/runtime/src/services/ofapi-webhook-capture.ts","apps/runtime/src/services/ofapi-dm-projection.ts | apps/runtime/src/services/projections/message-archive.ts","apps/runtime/src/modules/agent-read/handlers-journal.ts | Desktop journal/CRM SDK","Existing baseline; this release adds no subscription flip."
"messages.sent","existing_baseline","","","true","canonical_and_consumed","Desktop journal/CRM/activity feed","tests/ofapi-webhook.integration.test.ts","apps/runtime/src/services/canonicalize/ofapi-webhook.ts:157","apps/runtime/src/services/ofapi-webhook-capture.ts","apps/runtime/src/services/ofapi-dm-projection.ts | apps/runtime/src/services/projections/message-archive.ts","apps/runtime/src/modules/agent-read/handlers-journal.ts | Desktop journal/CRM SDK","Existing baseline; this release adds no subscription flip."
"messages.ppv.unlocked","existing_baseline","","","true","canonical_and_consumed","Desktop journal/CRM/activity feed","tests/ofapi-webhook.integration.test.ts","apps/runtime/src/services/canonicalize/ofapi-webhook.ts:176","apps/runtime/src/services/ofapi-webhook-capture.ts","apps/runtime/src/services/ofapi-dm-projection.ts | apps/runtime/src/services/projections/message-archive.ts","apps/runtime/src/modules/agent-read/handlers-journal.ts | Desktop journal/CRM SDK","Existing baseline; this release adds no subscription flip."
"messages.deleted","existing_baseline","","","true","canonical_and_consumed","Desktop journal/CRM/activity feed","tests/ofapi-webhook.integration.test.ts","apps/runtime/src/services/canonicalize/ofapi-webhook.ts:160","apps/runtime/src/services/ofapi-webhook-capture.ts","apps/runtime/src/services/ofapi-dm-projection.ts | apps/runtime/src/services/projections/message-archive.ts","apps/runtime/src/modules/agent-read/handlers-journal.ts | Desktop journal/CRM SDK","Existing baseline; this release adds no subscription flip."
"chat_queue.updated","existing_baseline","","","true","canonical_and_consumed","Owner collection content evidence report","tests/ofapi-content-events.integration.test.ts","apps/runtime/src/services/canonicalize/ofapi-content-events.ts:8","apps/runtime/src/services/ofapi-webhook-capture.ts","apps/runtime/src/services/projections/ofapi-content-events.ts","apps/dashboard/src/pages/settings/OfapiContentEvidence.tsx","Existing baseline; this release adds no subscription flip."
"chat_queue.finished","existing_baseline","","","true","canonical_and_consumed","Owner collection content evidence report","tests/ofapi-content-events.integration.test.ts","apps/runtime/src/services/canonicalize/ofapi-content-events.ts:8","apps/runtime/src/services/ofapi-webhook-capture.ts","apps/runtime/src/services/projections/ofapi-content-events.ts","apps/dashboard/src/pages/settings/OfapiContentEvidence.tsx","Existing baseline; this release adds no subscription flip."
"tips.received","existing_baseline","","","true","canonical_and_consumed","Desktop journal/CRM/activity feed","tests/ofapi-webhook.integration.test.ts","apps/runtime/src/services/canonicalize/ofapi-webhook.ts:216","apps/runtime/src/services/ofapi-webhook-capture.ts","apps/runtime/src/services/ofapi-dm-projection.ts | apps/runtime/src/services/projections/message-archive.ts","apps/runtime/src/modules/agent-read/handlers-journal.ts | Desktop journal/CRM SDK","Existing baseline; this release adds no subscription flip."
"subscriptions.new","existing_baseline","","OFAPI_AUDIENCE_SYNC_ENABLED","true","canonical_and_consumed","CRM subscription history and audience relationships","tests/ofapi-webhook-lifecycle.integration.test.ts","apps/runtime/src/services/canonicalize/ofapi-webhook.ts:290","apps/runtime/src/services/ofapi-webhook-capture.ts","apps/runtime/src/services/ofapi-subscription-projection.ts","apps/runtime/src/modules/agent-read/handlers-journal.ts | Desktop journal/CRM SDK","Existing baseline; this release adds no subscription flip."
"subscriptions.renewed","existing_baseline","","OFAPI_AUDIENCE_SYNC_ENABLED","true","canonical_and_consumed","CRM subscription history and audience relationships","tests/ofapi-webhook-lifecycle.integration.test.ts","apps/runtime/src/services/canonicalize/ofapi-webhook.ts:297","apps/runtime/src/services/ofapi-webhook-capture.ts","apps/runtime/src/services/ofapi-subscription-projection.ts","apps/runtime/src/modules/agent-read/handlers-journal.ts | Desktop journal/CRM SDK","Existing baseline; this release adds no subscription flip."
"subscriptions.expired","optional_default_off","subscription_expiry","OFAPI_AUDIENCE_SYNC_ENABLED","true","canonical_and_consumed","CRM subscription history and audience relationships","tests/ofapi-webhook-lifecycle.integration.test.ts","apps/runtime/src/services/canonicalize/ofapi-webhook.ts:287","apps/runtime/src/services/ofapi-webhook-capture.ts","apps/runtime/src/services/ofapi-subscription-projection.ts","apps/runtime/src/modules/agent-read/handlers-journal.ts | Desktop journal/CRM SDK","Owner Settings → Collection → webhook group subscription_expiry; preview and apply one group only."
"posts.liked","optional_default_off","engagement","","true","canonical_and_consumed","Owner collection content evidence report","tests/ofapi-content-events.integration.test.ts","apps/runtime/src/services/canonicalize/ofapi-content-events.ts:8","apps/runtime/src/services/ofapi-webhook-capture.ts","apps/runtime/src/services/projections/fansly-engagement.ts","apps/dashboard/src/pages/settings/OfapiContentEvidence.tsx","Owner Settings → Collection → webhook group engagement; preview and apply one group only."
"users.typing","existing_baseline","","","false","intentional_ephemeral","Transient hint captured without durable business projection","tests/ofapi-webhook.integration.test.ts","apps/runtime/src/services/canonicalize/ofapi-webhook.ts:37","apps/runtime/src/services/ofapi-webhook-capture.ts","Intentional ephemeral capture only","No durable business UI claimed","Existing baseline; this release adds no subscription flip."
"users.online","existing_baseline","","OFAPI_PRESENCE_PROJECTION_ENABLED","true","canonical_and_consumed","Desktop journal/CRM/activity feed","tests/ofapi-webhook.integration.test.ts","apps/runtime/src/services/canonicalize/ofapi-webhook.ts:300","apps/runtime/src/services/ofapi-webhook-capture.ts","apps/runtime/src/services/ofapi-presence-projection.ts","apps/runtime/src/modules/agent-read/handlers-journal.ts | Desktop journal/CRM SDK","Existing baseline; this release adds no subscription flip."
"users.offline","existing_baseline","","OFAPI_PRESENCE_PROJECTION_ENABLED","true","canonical_and_consumed","Desktop journal/CRM/activity feed","tests/ofapi-webhook.integration.test.ts","apps/runtime/src/services/canonicalize/ofapi-webhook.ts:301","apps/runtime/src/services/ofapi-webhook-capture.ts","apps/runtime/src/services/ofapi-presence-projection.ts","apps/runtime/src/modules/agent-read/handlers-journal.ts | Desktop journal/CRM SDK","Existing baseline; this release adds no subscription flip."
"data_exports.calculating_credits","optional_default_off","data_exports","","true","canonical_and_consumed","Owner typed-export status + bounded recovery","tests/ofapi-typed-exports.integration.test.ts","apps/runtime/src/services/canonicalize/ofapi-webhook.ts:145","apps/runtime/src/services/ofapi-webhook-capture.ts","apps/runtime/src/services/ofapi-async-lifecycle.ts (journal-backed local lifecycle view; not imported artifact/readiness proof)","apps/dashboard/src/pages/OfapiExportsPage.tsx","Owner Settings → Collection → webhook group data_exports; preview and apply one group only."
"data_exports.calculating_credits_completed","optional_default_off","data_exports","","true","canonical_and_consumed","Owner typed-export status + bounded recovery","tests/ofapi-typed-exports.integration.test.ts","apps/runtime/src/services/canonicalize/ofapi-webhook.ts:145","apps/runtime/src/services/ofapi-webhook-capture.ts","apps/runtime/src/services/ofapi-async-lifecycle.ts (journal-backed local lifecycle view; not imported artifact/readiness proof)","apps/dashboard/src/pages/OfapiExportsPage.tsx","Owner Settings → Collection → webhook group data_exports; preview and apply one group only."
"data_exports.calculating_credits_failed","optional_default_off","data_exports","","true","canonical_and_consumed","Owner typed-export status + bounded recovery","tests/ofapi-typed-exports.integration.test.ts","apps/runtime/src/services/canonicalize/ofapi-webhook.ts:145","apps/runtime/src/services/ofapi-webhook-capture.ts","apps/runtime/src/services/ofapi-async-lifecycle.ts (journal-backed local lifecycle view; not imported artifact/readiness proof)","apps/dashboard/src/pages/OfapiExportsPage.tsx","Owner Settings → Collection → webhook group data_exports; preview and apply one group only."
"data_exports.in_progress","optional_default_off","data_exports","","true","canonical_and_consumed","Owner typed-export status + bounded recovery","tests/ofapi-typed-exports.integration.test.ts","apps/runtime/src/services/canonicalize/ofapi-webhook.ts:145","apps/runtime/src/services/ofapi-webhook-capture.ts","apps/runtime/src/services/ofapi-async-lifecycle.ts (journal-backed local lifecycle view; not imported artifact/readiness proof)","apps/dashboard/src/pages/OfapiExportsPage.tsx","Owner Settings → Collection → webhook group data_exports; preview and apply one group only."
"data_exports.completed","optional_default_off","data_exports","","true","canonical_and_consumed","Owner typed-export status + bounded recovery","tests/ofapi-typed-exports.integration.test.ts","apps/runtime/src/services/canonicalize/ofapi-webhook.ts:145","apps/runtime/src/services/ofapi-webhook-capture.ts","apps/runtime/src/services/ofapi-async-lifecycle.ts (journal-backed local lifecycle view; not imported artifact/readiness proof)","apps/dashboard/src/pages/OfapiExportsPage.tsx","Owner Settings → Collection → webhook group data_exports; preview and apply one group only."
"data_exports.failed","optional_default_off","data_exports","","true","canonical_and_consumed","Owner typed-export status + bounded recovery","tests/ofapi-typed-exports.integration.test.ts","apps/runtime/src/services/canonicalize/ofapi-webhook.ts:145","apps/runtime/src/services/ofapi-webhook-capture.ts","apps/runtime/src/services/ofapi-async-lifecycle.ts (journal-backed local lifecycle view; not imported artifact/readiness proof)","apps/dashboard/src/pages/OfapiExportsPage.tsx","Owner Settings → Collection → webhook group data_exports; preview and apply one group only."
"data_exports.cancelled","optional_default_off","data_exports","","true","canonical_and_consumed","Owner typed-export status + bounded recovery","tests/ofapi-typed-exports.integration.test.ts","apps/runtime/src/services/canonicalize/ofapi-webhook.ts:145","apps/runtime/src/services/ofapi-webhook-capture.ts","apps/runtime/src/services/ofapi-async-lifecycle.ts (journal-backed local lifecycle view; not imported artifact/readiness proof)","apps/dashboard/src/pages/OfapiExportsPage.tsx","Owner Settings → Collection → webhook group data_exports; preview and apply one group only."
"fan_summary.completed","excluded_provider_ai","","","false","excluded_provider_ai","Deferred provider AI; no requested subscription or semantic projection","","apps/runtime/src/services/canonicalize/ofapi-webhook.ts:37","apps/runtime/src/services/ofapi-webhook-capture.ts","No semantic projection: provider AI excluded","No durable business UI claimed","Leave provider-AI subscription disabled."
"media_uploads.completed","optional_default_off","media_uploads","","true","canonical_and_consumed","Owner media upload status, readiness and handoff","tests/ofapi-media-uploads.integration.test.ts","apps/runtime/src/services/canonicalize/ofapi-webhook.ts:145","apps/runtime/src/services/ofapi-webhook-capture.ts","apps/runtime/src/services/ofapi-async-lifecycle.ts (journal-backed local lifecycle view; not imported artifact/readiness proof)","apps/dashboard/src/pages/OfapiMediaPage.tsx","Owner Settings → Collection → webhook group media_uploads; preview and apply one group only."
"media_uploads.failed","optional_default_off","media_uploads","","true","canonical_and_consumed","Owner media upload status, readiness and handoff","tests/ofapi-media-uploads.integration.test.ts","apps/runtime/src/services/canonicalize/ofapi-webhook.ts:145","apps/runtime/src/services/ofapi-webhook-capture.ts","apps/runtime/src/services/ofapi-async-lifecycle.ts (journal-backed local lifecycle view; not imported artifact/readiness proof)","apps/dashboard/src/pages/OfapiMediaPage.tsx","Owner Settings → Collection → webhook group media_uploads; preview and apply one group only."
